{
  "input_shape": [
    1,
    12,
    2500
  ],
  "onnx_fp32": {
    "parity_ok": true,
    "max_err": {
      "forecast_max_err": 7.152557373046875e-07,
      "logits_max_err": 1.0251998901367188e-05
    },
    "size_kb": 5670.4150390625,
    "p50_ms": 0.28960399504285306,
    "p95_ms": 0.7829850961570628,
    "mean_ms": 0.37847327039344236,
    "n": 100
  },
  "onnx_int8": {
    "logits_max_err_vs_fp32": 0.08877217769622803,
    "size_kb": 1540.44921875,
    "p50_ms": 0.2441039978293702,
    "p95_ms": 0.29114342469256366,
    "mean_ms": 0.2588957786792889,
    "n": 100
  }
}