{
  "input_shape": [
    1,
    12,
    500
  ],
  "onnx_fp32": {
    "parity_ok": true,
    "max_err": {
      "forecast_max_err": 4.76837158203125e-07,
      "logits_max_err": 7.152557373046875e-07
    },
    "size_kb": 3662.6025390625,
    "p50_ms": 0.2436875001876615,
    "p95_ms": 0.706958652153844,
    "mean_ms": 0.2975970301486086,
    "n": 100
  },
  "onnx_int8": {
    "logits_max_err_vs_fp32": 0.008383512496948242,
    "size_kb": 1032.63671875,
    "p50_ms": 0.22137450287118554,
    "p95_ms": 0.2639893020386807,
    "mean_ms": 0.23710665001999587,
    "n": 100
  },
  "coreml": {
    "size_kb": 978.619140625,
    "p50_ms": 0.3628545018727891,
    "p95_ms": 0.45218604755064,
    "mean_ms": 0.37293040986696724,
    "n": 100
  },
  "tflite_fp32": {
    "p50_ms": 0.6908545037731528,
    "p95_ms": 1.8718875071499494,
    "mean_ms": 0.9188758506206796,
    "n": 100,
    "size_kb": 4705.89453125,
    "parity_ok": true,
    "max_err": {
      "forecast_max_err": 6.556510925292969e-07,
      "logits_max_err": 4.76837158203125e-07
    }
  },
  "tflite_int8": {
    "p50_ms": 0.8863959956215695,
    "p95_ms": 1.484762507607229,
    "mean_ms": 0.9469804601394571,
    "n": 100,
    "size_kb": 1001.4609375,
    "logits_max_err_vs_fp32": 0.02604496479034424
  }
}